<MigrationProcessCSVMetadataVO>
   <MigrationProcessCSVMetadataVORow>
      <ProcessId>-999</ProcessId>
      <ProcessName>Associate Source Organization with Inventory Organization_20251128_025100_434</ProcessName>
      <ProcessDescription>Associate Source Organization with Inventory Organization_20251128_025100_434</ProcessDescription>
      <ProcessDate>2025-11-28 14:51:23.317</ProcessDate>
      <ObjectShortName>ORA_RCS_ASSOCIATE_SOURCE_ORGANIZATION_WITH_INVENTORY_ORGANIZATION</ObjectShortName>
      <ObjectType>TASK</ObjectType>
      <CreatedByFlow>TASK_CSV_SERVICE</CreatedByFlow>
      <ProcessType>EXPORT</ProcessType>
      <ProcessStatus>COMPLETED</ProcessStatus>
      <ProcessEnv>ehsg-dev1</ProcessEnv>
      <ProcessStartDate>2025-11-28 14:50:59.924</ProcessStartDate>
      <ProcessEndDate>2025-11-28 14:51:23.317</ProcessEndDate>
      <ProcessRelease>11.13.25.10.0</ProcessRelease>
      <SubmittedBy>lalji@squareup.com</SubmittedBy>
      <ESSRequestId>39255418</ESSRequestId>
      <MigrationProcessBusinessObjectCSVMetadata1>
         <MigrationProcessBusinessObjectCSVMetadataVORow>
            <ProcessId>-999</ProcessId>
            <BusinessObjectShortName>ORA_RCS_SOURCE_ORGANIZATION</BusinessObjectShortName>
            <BatchName null="true"/>
            <XmlAttributeList>OrganizationCode,SourceType,SourceSubinventory,SourceOrganizationName,ClassificationCode,EffectiveStartDate</XmlAttributeList>
            <XmlAttributeTypeList>string,string,string,string,string,date</XmlAttributeTypeList>
            <XmlNodePath>/SourceOrganizationVO/SourceOrganizationVORow</XmlNodePath>
            <NodeSequence>1</NodeSequence>
         </MigrationProcessBusinessObjectCSVMetadataVORow>
      </MigrationProcessBusinessObjectCSVMetadata1>
      <MigrationProcessBatchCSVMetadata null="true"/>
      <MigrationProcessScopeValueCSVMetadata null="true"/>
      <MigrationProcessMigrationObjectCSVMetadata>
         <MigrationProcessMigrationObjectCSVMetadataVORow>
            <ProcessId>-999</ProcessId>
            <BusinessObjectShortName>ORA_RCS_SOURCE_ORGANIZATION</BusinessObjectShortName>
            <MigrateFlag>Y</MigrateFlag>
            <IncludeExternalDataFlag>Y</IncludeExternalDataFlag>
            <ServiceType null="true"/>
         </MigrationProcessMigrationObjectCSVMetadataVORow>
      </MigrationProcessMigrationObjectCSVMetadata>
      <MigrationProcessTaskCSVMetadata null="true"/>
      <MigrationProcessServiceVersionCSVMetadata null="true"/>
   </MigrationProcessCSVMetadataVORow>
</MigrationProcessCSVMetadataVO>