<MigrationProcessCSVMetadataVO>
   <MigrationProcessCSVMetadataVORow>
      <ProcessId>-999</ProcessId>
      <ProcessName>Manage Self Service Procurement Profile Options_20251202_105646_949</ProcessName>
      <ProcessDescription>Manage Self Service Procurement Profile Options_20251202_105646_949</ProcessDescription>
      <ProcessDate>2025-12-02 10:57:18.943</ProcessDate>
      <ObjectShortName>POR_MANAGE_SELF_SERVICE_PROCUREMENT_PROFILE_OPTIONS</ObjectShortName>
      <ObjectType>TASK</ObjectType>
      <CreatedByFlow>TASK_CSV_SERVICE</CreatedByFlow>
      <ProcessType>EXPORT</ProcessType>
      <ProcessStatus>COMPLETED</ProcessStatus>
      <ProcessEnv>ehsg-dev1</ProcessEnv>
      <ProcessStartDate>2025-12-02 10:56:46.791</ProcessStartDate>
      <ProcessEndDate>2025-12-02 10:57:18.943</ProcessEndDate>
      <ProcessRelease>11.13.25.10.0</ProcessRelease>
      <SubmittedBy>lalji@squareup.com</SubmittedBy>
      <ESSRequestId>39265570</ESSRequestId>
      <MigrationProcessBusinessObjectCSVMetadata1>
         <MigrationProcessBusinessObjectCSVMetadataVORow>
            <ProcessId>-999</ProcessId>
            <BusinessObjectShortName>FND_APP_PROFILE_OPTION</BusinessObjectShortName>
            <BatchName>2b0a38ad-82c8-4d9a-9ece-b6c2da08a27a/FND_APP_PROFILE_VALUE/ProfileOptionLoader</BatchName>
            <XmlAttributeList>ProfileOptionName,ApplicationId,ModuleId,Description,SqlValidation,StartDateActive,EndDateActive,UserProfileOptionName,CreationDate,CreatedBy,LastUpdateDate,LastUpdatedBy,LastUpdateLogin</XmlAttributeList>
            <XmlAttributeTypeList>string,long,string,string,string,date,date,string,dateTime,string,dateTime,string,string</XmlAttributeTypeList>
            <XmlNodePath>/ProfileOptionLoaderVO/ProfileOptionLoaderVORow</XmlNodePath>
            <NodeSequence>2</NodeSequence>
         </MigrationProcessBusinessObjectCSVMetadataVORow>
         <MigrationProcessBusinessObjectCSVMetadataVORow>
            <ProcessId>-999</ProcessId>
            <BusinessObjectShortName>FND_APP_PROFILE_VALUE</BusinessObjectShortName>
            <BatchName>2b0a38ad-82c8-4d9a-9ece-b6c2da08a27a/FND_APP_PROFILE_VALUE/ProfileOptionLoader</BatchName>
            <XmlAttributeList>LevelName,LevelValue,ProfileOptionValue,CreationDate,CreatedBy,LastUpdateDate,LastUpdatedBy,LastUpdateLogin</XmlAttributeList>
            <XmlAttributeTypeList>string,string,string,dateTime,string,dateTime,string,string</XmlAttributeTypeList>
            <XmlNodePath>/ProfileOptionLoaderVO/ProfileOptionLoaderVORow/ProfileOptionValueLoaderVO/ProfileOptionValueLoaderVORow</XmlNodePath>
            <NodeSequence>1</NodeSequence>
         </MigrationProcessBusinessObjectCSVMetadataVORow>
         <MigrationProcessBusinessObjectCSVMetadataVORow>
            <ProcessId>-999</ProcessId>
            <BusinessObjectShortName>ORA_FND_APP_PROFILE_OPTION_LEVEL</BusinessObjectShortName>
            <BatchName>2b0a38ad-82c8-4d9a-9ece-b6c2da08a27a/FND_APP_PROFILE_VALUE/ProfileOptionLoader</BatchName>
            <XmlAttributeList>LevelName,UpdateableFlag,EnabledFlag,CreationDate,CreatedBy,LastUpdateDate,LastUpdatedBy,LastUpdateLogin</XmlAttributeList>
            <XmlAttributeTypeList>string,string,string,dateTime,string,dateTime,string,string</XmlAttributeTypeList>
            <XmlNodePath>/ProfileOptionLoaderVO/ProfileOptionLoaderVORow/ProfileOptionLevelLoaderVO/ProfileOptionLevelLoaderVORow</XmlNodePath>
            <NodeSequence>3</NodeSequence>
         </MigrationProcessBusinessObjectCSVMetadataVORow>
      </MigrationProcessBusinessObjectCSVMetadata1>
      <MigrationProcessBatchCSVMetadata>
         <MigrationProcessBatchCSVMetadataVORow>
            <ProcessId>-999</ProcessId>
            <BatchName>2b0a38ad-82c8-4d9a-9ece-b6c2da08a27a/FND_APP_PROFILE_VALUE/ProfileOptionLoader</BatchName>
            <ImportSequence>0</ImportSequence>
            <ServiceName>oracle.apps.fnd.applcore.profiles.webservice.ProfileWS</ServiceName>
            <BatchSize>500</BatchSize>
         </MigrationProcessBatchCSVMetadataVORow>
      </MigrationProcessBatchCSVMetadata>
      <MigrationProcessScopeValueCSVMetadata>
         <MigrationProcessScopeValueCSVMetadataVORow>
            <ProcessId>-999</ProcessId>
            <MigScopeValueSetId>100002949373380</MigScopeValueSetId>
            <BusinessObjectShortName>FND_APP_PROFILE_VALUE</BusinessObjectShortName>
            <ScopeValueBoAttributeId>profileOptionName</ScopeValueBoAttributeId>
            <ScopeValueBoAttributeValue>POR_RETAIN_LAST_ASSIGNED_BUYER</ScopeValueBoAttributeValue>
            <ScopeValueBoAttributeValueCode>POR_RETAIN_LAST_ASSIGNED_BUYER</ScopeValueBoAttributeValueCode>
         </MigrationProcessScopeValueCSVMetadataVORow>
         <MigrationProcessScopeValueCSVMetadataVORow>
            <ProcessId>-999</ProcessId>
            <MigScopeValueSetId>100002949373380</MigScopeValueSetId>
            <BusinessObjectShortName>FND_APP_PROFILE_VALUE</BusinessObjectShortName>
            <ScopeValueBoAttributeId>mode</ScopeValueBoAttributeId>
            <ScopeValueBoAttributeValue>edit</ScopeValueBoAttributeValue>
            <ScopeValueBoAttributeValueCode>edit</ScopeValueBoAttributeValueCode>
         </MigrationProcessScopeValueCSVMetadataVORow>
         <MigrationProcessScopeValueCSVMetadataVORow>
            <ProcessId>-999</ProcessId>
            <MigScopeValueSetId>100002949373377</MigScopeValueSetId>
            <BusinessObjectShortName>FND_APP_PROFILE_VALUE</BusinessObjectShortName>
            <ScopeValueBoAttributeId>profileOptionName</ScopeValueBoAttributeId>
            <ScopeValueBoAttributeValue>POR_ASSIGN_REQ_SAME_BUYER</ScopeValueBoAttributeValue>
            <ScopeValueBoAttributeValueCode>POR_ASSIGN_REQ_SAME_BUYER</ScopeValueBoAttributeValueCode>
         </MigrationProcessScopeValueCSVMetadataVORow>
         <MigrationProcessScopeValueCSVMetadataVORow>
            <ProcessId>-999</ProcessId>
            <MigScopeValueSetId>100002949373377</MigScopeValueSetId>
            <BusinessObjectShortName>FND_APP_PROFILE_VALUE</BusinessObjectShortName>
            <ScopeValueBoAttributeId>mode</ScopeValueBoAttributeId>
            <ScopeValueBoAttributeValue>edit</ScopeValueBoAttributeValue>
            <ScopeValueBoAttributeValueCode>edit</ScopeValueBoAttributeValueCode>
         </MigrationProcessScopeValueCSVMetadataVORow>
         <MigrationProcessScopeValueCSVMetadataVORow>
            <ProcessId>-999</ProcessId>
            <MigScopeValueSetId>100002949373374</MigScopeValueSetId>
            <BusinessObjectShortName>FND_APP_PROFILE_VALUE</BusinessObjectShortName>
            <ScopeValueBoAttributeId>profileOptionName</ScopeValueBoAttributeId>
            <ScopeValueBoAttributeValue>POR_SEARCH_RESULTS_SKIN</ScopeValueBoAttributeValue>
            <ScopeValueBoAttributeValueCode>POR_SEARCH_RESULTS_SKIN</ScopeValueBoAttributeValueCode>
         </MigrationProcessScopeValueCSVMetadataVORow>
         <MigrationProcessScopeValueCSVMetadataVORow>
            <ProcessId>-999</ProcessId>
            <MigScopeValueSetId>100002949373374</MigScopeValueSetId>
            <BusinessObjectShortName>FND_APP_PROFILE_VALUE</BusinessObjectShortName>
            <ScopeValueBoAttributeId>mode</ScopeValueBoAttributeId>
            <ScopeValueBoAttributeValue>edit</ScopeValueBoAttributeValue>
            <ScopeValueBoAttributeValueCode>edit</ScopeValueBoAttributeValueCode>
         </MigrationProcessScopeValueCSVMetadataVORow>
         <MigrationProcessScopeValueCSVMetadataVORow>
            <ProcessId>-999</ProcessId>
            <MigScopeValueSetId>100002949373371</MigScopeValueSetId>
            <BusinessObjectShortName>FND_APP_PROFILE_VALUE</BusinessObjectShortName>
            <ScopeValueBoAttributeId>profileOptionName</ScopeValueBoAttributeId>
            <ScopeValueBoAttributeValue>POR_REQUESTED_DATE_OFFSET</ScopeValueBoAttributeValue>
            <ScopeValueBoAttributeValueCode>POR_REQUESTED_DATE_OFFSET</ScopeValueBoAttributeValueCode>
         </MigrationProcessScopeValueCSVMetadataVORow>
         <MigrationProcessScopeValueCSVMetadataVORow>
            <ProcessId>-999</ProcessId>
            <MigScopeValueSetId>100002949373371</MigScopeValueSetId>
            <BusinessObjectShortName>FND_APP_PROFILE_VALUE</BusinessObjectShortName>
            <ScopeValueBoAttributeId>mode</ScopeValueBoAttributeId>
            <ScopeValueBoAttributeValue>edit</ScopeValueBoAttributeValue>
            <ScopeValueBoAttributeValueCode>edit</ScopeValueBoAttributeValueCode>
         </MigrationProcessScopeValueCSVMetadataVORow>
         <MigrationProcessScopeValueCSVMetadataVORow>
            <ProcessId>-999</ProcessId>
            <MigScopeValueSetId>100002949373368</MigScopeValueSetId>
            <BusinessObjectShortName>FND_APP_PROFILE_VALUE</BusinessObjectShortName>
            <ScopeValueBoAttributeId>profileOptionName</ScopeValueBoAttributeId>
            <ScopeValueBoAttributeValue>POR_DISPLAY_CATEGORY_ITEM_COUNT</ScopeValueBoAttributeValue>
            <ScopeValueBoAttributeValueCode>POR_DISPLAY_CATEGORY_ITEM_COUNT</ScopeValueBoAttributeValueCode>
         </MigrationProcessScopeValueCSVMetadataVORow>
         <MigrationProcessScopeValueCSVMetadataVORow>
            <ProcessId>-999</ProcessId>
            <MigScopeValueSetId>100002949373368</MigScopeValueSetId>
            <BusinessObjectShortName>FND_APP_PROFILE_VALUE</BusinessObjectShortName>
            <ScopeValueBoAttributeId>mode</ScopeValueBoAttributeId>
            <ScopeValueBoAttributeValue>edit</ScopeValueBoAttributeValue>
            <ScopeValueBoAttributeValueCode>edit</ScopeValueBoAttributeValueCode>
         </MigrationProcessScopeValueCSVMetadataVORow>
      </MigrationProcessScopeValueCSVMetadata>
      <MigrationProcessMigrationObjectCSVMetadata>
         <MigrationProcessMigrationObjectCSVMetadataVORow>
            <ProcessId>-999</ProcessId>
            <BusinessObjectShortName>FND_APP_PROFILE_VALUE</BusinessObjectShortName>
            <MigrateFlag>Y</MigrateFlag>
            <IncludeExternalDataFlag>Y</IncludeExternalDataFlag>
            <ServiceType null="true"/>
         </MigrationProcessMigrationObjectCSVMetadataVORow>
      </MigrationProcessMigrationObjectCSVMetadata>
      <MigrationProcessTaskCSVMetadata null="true"/>
      <MigrationProcessServiceVersionCSVMetadata null="true"/>
   </MigrationProcessCSVMetadataVORow>
</MigrationProcessCSVMetadataVO>