"PER_LEGAL_EMPLOYER_ORG.OrganizationCode","PER_LEGAL_EMPLOYER_ORG.EffectiveStartDate","PER_LEGAL_EMPLOYER_ORG.EffectiveEndDate","ViewInstanceName","GroupingKey","LogicalStartDate","LogicalEndDate","EffectiveStartDate","EffectiveEndDate","Name","Title","GUID","SourceLang","Language","ClassificationCode","ClassificationName","OrganizationCode","OrganizationId"
"LE_103","0001/01/01","4712/12/31","OrganizationMigrationTranslation","6E075CD0585ED008E053120C1B0A89EA","0001/01/01","4712/12/31","0001/01/01","4712/12/31","Square International Services Inc","","6E075CD0585ED008E053120C1B0A89EA","US","US","HCM_LEMP","","LE_103",""
"LE_151","0001/01/01","4712/12/31","OrganizationMigrationTranslation","6E076F5335BC3099E053140C1B0AB269","0001/01/01","4712/12/31","0001/01/01","4712/12/31","Square Canada Inc.","","6E076F5335BC3099E053140C1B0AB269","US","US","HCM_LEMP","","LE_151",""
"LE_109","0001/01/01","4712/12/31","OrganizationMigrationTranslation","6E10D6BEBB97F8AFE053140C1B0A93DB","0001/01/01","4712/12/31","0001/01/01","4712/12/31","Weebly LLC","","6E10D6BEBB97F8AFE053140C1B0A93DB","US","US","HCM_LEMP","","LE_109",""
"LE_105","0001/01/01","4712/12/31","OrganizationMigrationTranslation","6E07578E4DB62596E053120C1B0AB9BB","0001/01/01","4712/12/31","0001/01/01","4712/12/31","Square Payroll Inc.","","6E07578E4DB62596E053120C1B0AB9BB","US","US","HCM_LEMP","","LE_105",""
"LE_001","0001/01/01","4712/12/31","OrganizationMigrationTranslation","6E070A46168425B0E053120C1B0A116A","0001/01/01","4712/12/31","0001/01/01","4712/12/31","Block, Inc.","","6E070A46168425B0E053120C1B0A116A","US","US","HCM_LEMP","","LE_001",""
"LE_108","0001/01/01","4712/12/31","OrganizationMigrationTranslation","6E07574CC6B6F87FE053140C1B0AE0CD","0001/01/01","4712/12/31","0001/01/01","4712/12/31","Square Capital LLC","","6E07574CC6B6F87FE053140C1B0AE0CD","US","US","HCM_LEMP","","LE_108",""
"LE_250","2001/01/01","4712/12/31","OrganizationMigrationTranslation","76DF1F833DA94B2AE053120C1B0A036D","0001/01/01","","0001/01/01","2000/12/31","Square AU Pty Ltd","","76DF1F833DA94B2AE053120C1B0A036D","US","US","HCM_LEMP","","LE_250",""
"LE_250","2001/01/01","4712/12/31","OrganizationMigrationTranslation","76DF1F833DA94B2AE053120C1B0A036D","","4712/12/31","2001/01/01","4712/12/31","Square AU Pty Ltd","","76DF1F833DA94B2AE053120C1B0A036D","US","US","HCM_LEMP","","LE_250",""
"LE_301","0001/01/01","4712/12/31","OrganizationMigrationTranslation","76E53429688E80B9E053120C1B0AF317","0001/01/01","4712/12/31","0001/01/01","4712/12/31","Squareup Europe Limited (UK)","","76E53429688E80B9E053120C1B0AF317","US","US","HCM_LEMP","","LE_301",""
"LE_302","0001/01/01","4712/12/31","OrganizationMigrationTranslation","76E19687A5FE474FE053140C1B0A89C0","0001/01/01","4712/12/31","0001/01/01","4712/12/31","Squareup (UK) Limited","","76E19687A5FE474FE053140C1B0A89C0","US","US","HCM_LEMP","","LE_302",""
"LE_312","0001/01/01","4712/12/31","OrganizationMigrationTranslation","76E98BBC9BECB38CE053140C1B0A83AB","0001/01/01","4712/12/31","0001/01/01","4712/12/31","Squareup International Limited","","76E98BBC9BECB38CE053140C1B0A83AB","US","US","HCM_LEMP","","LE_312",""
"LE_0006","0001/01/01","4712/12/31","OrganizationMigrationTranslation","809DF4B032F26E99E053140C1B0A881A","0001/01/01","4712/12/31","0001/01/01","4712/12/31","Square K.K.","","809DF4B032F26E99E053140C1B0A881A","US","US","HCM_LEMP","","LE_0006",""
"LE_152","0001/01/01","4712/12/31","OrganizationMigrationTranslation","8B4264D843D2CC29E053140C1B0A5E94","0001/01/01","4712/12/31","0001/01/01","4712/12/31","Square Technologies, Inc","","8B4264D843D2CC29E053140C1B0A5E94","US","US","HCM_LEMP","","LE_152",""
"LE_112","0001/01/01","4712/12/31","OrganizationMigrationTranslation","924F840E05FCE22BE053140C1B0A5288","0001/01/01","4712/12/31","0001/01/01","4712/12/31","Square Money Services, Inc","","924F840E05FCE22BE053140C1B0A5288","US","US","HCM_LEMP","","LE_112",""
"LE_220","0001/01/01","4712/12/31","OrganizationMigrationTranslation","A2C1270393494175E053120C1B0AAF74","0001/01/01","4712/12/31","0001/01/01","4712/12/31","Square Trading (Shenzhen) Company Limited","","A2C1270393494175E053120C1B0AAF74","US","US","HCM_LEMP","","LE_220",""
"FR315","0001/01/01","4712/12/31","OrganizationMigrationTranslation","A2C127FEAC84EEA3E053140C1B0A0DCA","0001/01/01","4712/12/31","0001/01/01","4712/12/31","Squareup (France) SAS","","A2C127FEAC84EEA3E053140C1B0A0DCA","US","US","HCM_LEMP","","FR315",""
"LE_0023","0001/01/01","4712/12/31","OrganizationMigrationTranslation","A2C06B6B59F49DDFE053120C1B0A9EA3","0001/01/01","4712/12/31","0001/01/01","4712/12/31","Snackskal AB","","A2C06B6B59F49DDFE053120C1B0A9EA3","US","US","HCM_LEMP","","LE_0023",""
"LE_0003","0001/01/01","4712/12/31","OrganizationMigrationTranslation","A2C1275663C44A5BE053140C1B0A394F","0001/01/01","4712/12/31","0001/01/01","4712/12/31","Squareup Pte. Ltd","","A2C1275663C44A5BE053140C1B0A394F","US","US","HCM_LEMP","","LE_0003",""
"LE_311","0001/01/01","4712/12/31","OrganizationMigrationTranslation","A2C127CC63279D86E053120C1B0AFD2E","0001/01/01","4712/12/31","0001/01/01","4712/12/31","Block Global B.V.","","A2C127CC63279D86E053120C1B0AFD2E","US","US","HCM_LEMP","","LE_311",""
"LE_113","0001/01/01","4712/12/31","OrganizationMigrationTranslation","A98F0FF92FDEB759E053140C1B0ABCBA","0001/01/01","4712/12/31","0001/01/01","4712/12/31","Verse Technologies, Inc.","","A98F0FF92FDEB759E053140C1B0ABCBA","US","US","HCM_LEMP","","LE_113",""
"LE_314","0001/01/01","4712/12/31","OrganizationMigrationTranslation","A99485BA19FB3C26E053140C1B0A8510","0001/01/01","4712/12/31","0001/01/01","4712/12/31","Verse Payments Lithuania, UAB","","A99485BA19FB3C26E053140C1B0A8510","US","US","HCM_LEMP","","LE_314",""
"LE_313","0001/01/01","4712/12/31","OrganizationMigrationTranslation","A991065CBA318A66E053140C1B0A1E42","0001/01/01","4712/12/31","0001/01/01","4712/12/31","Decentralized Global Payments, SL","","A991065CBA318A66E053140C1B0A1E42","US","US","HCM_LEMP","","LE_313",""
"LE_114","0001/01/01","4712/12/31","OrganizationMigrationTranslation","AAB9BB7CD20180E7E053140C1B0A1D9F","0001/01/01","4712/12/31","0001/01/01","4712/12/31","Cash App Investing LLC","","AAB9BB7CD20180E7E053140C1B0A1D9F","US","US","HCM_LEMP","","LE_114",""
"LE_115","0001/01/01","4712/12/31","OrganizationMigrationTranslation","ABBF844348E37639E053140C1B0A932D","0001/01/01","4712/12/31","0001/01/01","4712/12/31","Stitch Labs, Inc.","","ABBF844348E37639E053140C1B0A932D","US","US","HCM_LEMP","","LE_115",""
"LE_303","0001/01/01","4712/12/31","OrganizationMigrationTranslation","AD0CD882662479CEE053140C1B0A5341","0001/01/01","4712/12/31","0001/01/01","4712/12/31","Squareup International Services Ltd.","","AD0CD882662479CEE053140C1B0A5341","US","US","HCM_LEMP","","LE_303",""
"317_LE","2020/07/01","4712/12/31","OrganizationMigrationTranslation","ADC698D339A24071E053120C1B0AB537","0001/01/01","","0001/01/01","2020/06/30","Squareup GmbH","","ADC698D339A24071E053120C1B0AB537","US","US","HCM_LEMP","","317_LE",""
"317_LE","2020/07/01","4712/12/31","OrganizationMigrationTranslation","ADC698D339A24071E053120C1B0AB537","","4712/12/31","2020/07/01","4712/12/31","Squareup GmbH","","ADC698D339A24071E053120C1B0AB537","US","US","HCM_LEMP","","317_LE",""
"LE_117","0001/01/01","4712/12/31","OrganizationMigrationTranslation","B1C64731A7A80B42E053120C1B0A28E9","0001/01/01","4712/12/31","0001/01/01","4712/12/31","Huinaha Reinsurance Inc.","","B1C64731A7A80B42E053120C1B0A28E9","US","US","HCM_LEMP","","LE_117",""
"LE_116","0001/01/01","4712/12/31","OrganizationMigrationTranslation","B3E9259FCD0AA79FE053140C1B0A72AD","0001/01/01","4712/12/31","0001/01/01","4712/12/31","Cash App Taxes, Inc.","","B3E9259FCD0AA79FE053140C1B0A72AD","US","US","HCM_LEMP","","LE_116",""
"LE_304","0001/01/01","4712/12/31","OrganizationMigrationTranslation","B94EF0BF879952B4E053A162500A97B9","0001/01/01","4712/12/31","0001/01/01","4712/12/31","Cash App Innovation (UK) Ltd.","","B94EF0BF879952B4E053A162500A97B9","US","US","HCM_LEMP","","LE_304",""
"LE_318","0001/01/01","4712/12/31","OrganizationMigrationTranslation","B94EF0BF879E52B4E053A162500A97B9","0001/01/01","4712/12/31","0001/01/01","4712/12/31","Square Capel (IE) Limited","","B94EF0BF879E52B4E053A162500A97B9","US","US","HCM_LEMP","","LE_318",""
"LE_319","0001/01/01","4712/12/31","OrganizationMigrationTranslation","B94EF0D85D95A6ABE053A062500A0E1B","0001/01/01","4712/12/31","0001/01/01","4712/12/31","Cash App Innovation (IE) Limited","","B94EF0D85D95A6ABE053A062500A0E1B","US","US","HCM_LEMP","","LE_319",""
"LE_131","0001/01/01","4712/12/31","OrganizationMigrationTranslation","BC2E47C0E7A38AF1E053A162500ADA08","0001/01/01","4712/12/31","0001/01/01","4712/12/31","Square Financial Services Inc.","","BC2E47C0E7A38AF1E053A162500ADA08","US","US","HCM_LEMP","","LE_131",""
"LE_215","0001/01/01","4712/12/31","OrganizationMigrationTranslation","C3EB43521F962177E053A062500AC779","0001/01/01","4712/12/31","0001/01/01","4712/12/31","Global Risk Engagement B.V. (TWN)","","C3EB43521F962177E053A062500AC779","US","US","HCM_LEMP","","LE_215",""
"LE_118","0001/01/01","4712/12/31","OrganizationMigrationTranslation","C8B94AD0B899C634E053A162500A596A","0001/01/01","4712/12/31","0001/01/01","4712/12/31","Vandutch Acquisition Corp. (DE)","","C8B94AD0B899C634E053A162500A596A","US","US","HCM_LEMP","","LE_118",""
"LE_321","0001/01/01","4712/12/31","OrganizationMigrationTranslation","C8B99CBB8CF4C3ACE053A162500AA696","0001/01/01","4712/12/31","0001/01/01","4712/12/31","Tidal Music AS","","C8B99CBB8CF4C3ACE053A162500AA696","US","US","HCM_LEMP","","LE_321",""
"LE_323","0001/01/01","4712/12/31","OrganizationMigrationTranslation","C8B9B004CFD4E25FE053A062500AEE82","0001/01/01","4712/12/31","0001/01/01","4712/12/31","WiMP Music GmbH","","C8B9B004CFD4E25FE053A062500AEE82","US","US","HCM_LEMP","","LE_323",""
"LE_324","0001/01/01","4712/12/31","OrganizationMigrationTranslation","C8B9B004CFD9E25FE053A062500AEE82","0001/01/01","4712/12/31","0001/01/01","4712/12/31","Tidal US AB","","C8B9B004CFD9E25FE053A062500AEE82","US","US","HCM_LEMP","","LE_324",""
"LE_120","0001/01/01","4712/12/31","OrganizationMigrationTranslation","C8B958C48ACCC5C4E053A162500A91B4","0001/01/01","4712/12/31","0001/01/01","4712/12/31","Malibu Entertainment Inc.(US)","","C8B958C48ACCC5C4E053A162500A91B4","US","US","HCM_LEMP","","LE_120",""
"LE_320","0001/01/01","4712/12/31","OrganizationMigrationTranslation","C8B9BAFC2A87FA05E053A162500AB492","0001/01/01","4712/12/31","0001/01/01","4712/12/31","Aspiro AB","","C8B9BAFC2A87FA05E053A162500AB492","US","US","HCM_LEMP","","LE_320",""
"LE_501","0001/01/01","4712/12/31","OrganizationMigrationTranslation","C8B9B00E7364D8ABE053A062500A891C","0001/01/01","4712/12/31","0001/01/01","4712/12/31","Project Panther Ltd.","","C8B9B00E7364D8ABE053A062500A891C","US","US","HCM_LEMP","","LE_501",""
"LE_503","0001/01/01","4712/12/31","OrganizationMigrationTranslation","C8B9B00E736AD8ABE053A062500A891C","0001/01/01","4712/12/31","0001/01/01","4712/12/31","Tidal Serviços de Entretenimento Ltda","","C8B9B00E736AD8ABE053A062500A891C","US","US","HCM_LEMP","","LE_503",""
"LE_119","0001/01/01","4712/12/31","OrganizationMigrationTranslation","C8B95832378FE77AE053A062500AF1B1","0001/01/01","4712/12/31","0001/01/01","4712/12/31","Project Rising, LLC","","C8B95832378FE77AE053A062500AF1B1","US","US","HCM_LEMP","","LE_119",""
"LE_121","0001/01/01","4712/12/31","OrganizationMigrationTranslation","C8B9853845FE8C96E053A162500A06BA","0001/01/01","4712/12/31","0001/01/01","4712/12/31","Project Panther US LLC (US)","","C8B9853845FE8C96E053A162500A06BA","US","US","HCM_LEMP","","LE_121",""
"LE_305","0001/01/01","4712/12/31","OrganizationMigrationTranslation","C8B958323794E77AE053A062500AF1B1","0001/01/01","4712/12/31","0001/01/01","4712/12/31","Project Panther Bidco Ltd","","C8B958323794E77AE053A062500AF1B1","US","US","HCM_LEMP","","LE_305",""
"LE_322","0001/01/01","4712/12/31","OrganizationMigrationTranslation","C8B958323799E77AE053A062500AF1B1","0001/01/01","4712/12/31","0001/01/01","4712/12/31","Tidal sp. z o.o.","","C8B958323799E77AE053A062500AF1B1","US","US","HCM_LEMP","","LE_322",""
"LE_212","0001/01/01","4712/12/31","OrganizationMigrationTranslation","CF7D64B1EE2977CEE053A062500A9378","0001/01/01","4712/12/31","0001/01/01","4712/12/31","Tidal K.K.","","CF7D64B1EE2977CEE053A062500A9378","US","US","HCM_LEMP","","LE_212",""
"LE_325","0001/01/01","4712/12/31","OrganizationMigrationTranslation","D190D52DA4C081B2E053A062500AD5FA","0001/01/01","4712/12/31","0001/01/01","4712/12/31","Tidal Music - Spain, SL","","D190D52DA4C081B2E053A062500AD5FA","US","US","HCM_LEMP","","LE_325",""
"LE_263","0001/01/01","4712/12/31","OrganizationMigrationTranslation","DB9498B9B826B475E053A162500AAE87","0001/01/01","4712/12/31","0001/01/01","4712/12/31","Touch Australia Pty Ltd","","DB9498B9B826B475E053A162500AAE87","US","US","HCM_LEMP","","LE_263",""
"LE_265","0001/01/01","4712/12/31","OrganizationMigrationTranslation","DB94AAC2F85880ADE053A162500AA254","0001/01/01","4712/12/31","0001/01/01","4712/12/31","Touch Networks Pty Ltd","","DB94AAC2F85880ADE053A162500AA254","US","US","HCM_LEMP","","LE_265",""
"LE_269","0001/01/01","4712/12/31","OrganizationMigrationTranslation","DB9498B9B82BB475E053A162500AAE87","0001/01/01","4712/12/31","0001/01/01","4712/12/31","Afterpay Warehouse Trust","","DB9498B9B82BB475E053A162500AAE87","US","US","HCM_LEMP","","LE_269",""
"LE_332","0001/01/01","4712/12/31","OrganizationMigrationTranslation","DB955CB779708AC5E053A062500AD0EA","0001/01/01","4712/12/31","0001/01/01","4712/12/31","Clearpay (UK) Finance Services Limited","","DB955CB779708AC5E053A062500AD0EA","US","US","HCM_LEMP","","LE_332",""
"LE_340","0001/01/01","4712/12/31","OrganizationMigrationTranslation","DB954372416AE563E053A062500A3B34","0001/01/01","4712/12/31","0001/01/01","4712/12/31","Pagantis, S.A. (Italian Branch)","","DB954372416AE563E053A062500A3B34","US","US","HCM_LEMP","","LE_340",""
"LE_142","0001/01/01","4712/12/31","OrganizationMigrationTranslation","DB95DC9F0506B6E5E053A162500AD4C6","0001/01/01","4712/12/31","0001/01/01","4712/12/31","Afterpay US Receivables Warehouse-C LLC","","DB95DC9F0506B6E5E053A162500AD4C6","US","US","HCM_LEMP","","LE_142",""
"LE_143","0001/01/01","4712/12/31","OrganizationMigrationTranslation","DB9577B9DF26B8E5E053A162500ADADF","0001/01/01","4712/12/31","0001/01/01","4712/12/31","Afterpay US Receivables Warehouse-GS LLC","","DB9577B9DF26B8E5E053A162500ADADF","US","US","HCM_LEMP","","LE_143",""
"LE_146","0001/01/01","4712/12/31","OrganizationMigrationTranslation","DB955CB779758AC5E053A062500AD0EA","0001/01/01","4712/12/31","0001/01/01","4712/12/31","Afterpay Receivables Warehouse-JPM LLC","","DB955CB779758AC5E053A062500AD0EA","US","US","HCM_LEMP","","LE_146",""
"LE_262","0001/01/01","4712/12/31","OrganizationMigrationTranslation","DB91C370DA3C6627E053A162500A384F","0001/01/01","4712/12/31","0001/01/01","4712/12/31","Touch Holdings Pty Ltd","","DB91C370DA3C6627E053A162500A384F","US","US","HCM_LEMP","","LE_262",""
"LE_267","0001/01/01","4712/12/31","OrganizationMigrationTranslation","DB94BA4FAE1817B9E053A162500A0DF2","0001/01/01","4712/12/31","0001/01/01","4712/12/31","Afterpay Holdings Pty Ltd","","DB94BA4FAE1817B9E053A162500A0DF2","US","US","HCM_LEMP","","LE_267",""
"LE_205","0001/01/01","4712/12/31","OrganizationMigrationTranslation","DB9528C4E71591FDE053A162500A21CE","0001/01/01","4712/12/31","0001/01/01","4712/12/31","PT Empat Kali Indonesia","","DB9528C4E71591FDE053A162500A21CE","US","US","HCM_LEMP","","LE_205",""
"LE_221","0001/01/01","4712/12/31","OrganizationMigrationTranslation","DB9533F8EC3CB23FE053A062500AA37A","0001/01/01","4712/12/31","0001/01/01","4712/12/31","Afterpay Information Technology Service (Shanghai) Co., Ltd.","","DB9533F8EC3CB23FE053A062500AA37A","US","US","HCM_LEMP","","LE_221",""
"LE_331","0001/01/01","4712/12/31","OrganizationMigrationTranslation","DB95546643DC9BB3E053A062500A1D71","0001/01/01","4712/12/31","0001/01/01","4712/12/31","Clearpay (International) Finance Holding Limited","","DB95546643DC9BB3E053A062500A1D71","US","US","HCM_LEMP","","LE_331",""
"LE_335","0001/01/01","4712/12/31","OrganizationMigrationTranslation","DB956EBFD44AB227E053A062500A182F","0001/01/01","4712/12/31","0001/01/01","4712/12/31","Clearpay Finance Limited","","DB956EBFD44AB227E053A062500A182F","US","US","HCM_LEMP","","LE_335",""
"LE_338","0001/01/01","4712/12/31","OrganizationMigrationTranslation","DB956D150AB7A1C8E053A162500A870B","0001/01/01","4712/12/31","0001/01/01","4712/12/31","Clearpay S.A.U.","","DB956D150AB7A1C8E053A162500A870B","US","US","HCM_LEMP","","LE_338",""
"LE_141","0001/01/01","4712/12/31","OrganizationMigrationTranslation","DB95D64F53092699E053A062500A8103","0001/01/01","4712/12/31","0001/01/01","4712/12/31","Afterpay US, Inc.","","DB95D64F53092699E053A062500A8103","US","US","HCM_LEMP","","LE_141",""
"LE_271","0001/01/01","4712/12/31","OrganizationMigrationTranslation","DB962A0478B3EB5AE053A162500A2FD7","0001/01/01","4712/12/31","0001/01/01","4712/12/31","Lanai (AU) 1 Pty Ltd","","DB962A0478B3EB5AE053A162500A2FD7","US","US","HCM_LEMP","","LE_271",""
"LE_270","0001/01/01","4712/12/31","OrganizationMigrationTranslation","DB94CF6652AECB08E053A162500A9EE5","0001/01/01","4712/12/31","0001/01/01","4712/12/31","Afterpay International Holdings Pty Ltd","","DB94CF6652AECB08E053A162500A9EE5","US","US","HCM_LEMP","","LE_270",""
"LE_264","0001/01/01","4712/12/31","OrganizationMigrationTranslation","DB94990DFFEC4882E053A162500A8FE7","0001/01/01","4712/12/31","0001/01/01","4712/12/31","Afterpay Corporate Services Pty Ltd","","DB94990DFFEC4882E053A162500A8FE7","US","US","HCM_LEMP","","LE_264",""
"LE_266","0001/01/01","4712/12/31","OrganizationMigrationTranslation","DB94B293E058D9DCE053A162500AFAAC","0001/01/01","4712/12/31","0001/01/01","4712/12/31","Afterpay China Holdings Pty Ltd","","DB94B293E058D9DCE053A162500AFAAC","US","US","HCM_LEMP","","LE_266",""
"LE_268","0001/01/01","4712/12/31","OrganizationMigrationTranslation","DB94C08444EF81A0E053A162500A77A1","0001/01/01","4712/12/31","0001/01/01","4712/12/31","Afterpay Australia Pty Ltd","","DB94C08444EF81A0E053A162500A77A1","US","US","HCM_LEMP","","LE_268",""
"LE_203","0001/01/01","4712/12/31","OrganizationMigrationTranslation","DB94990DFFF74882E053A162500A8FE7","0001/01/01","4712/12/31","0001/01/01","4712/12/31","Afterpay Asia Pte. Ltd.","","DB94990DFFF74882E053A162500A8FE7","US","US","HCM_LEMP","","LE_203",""
"LE_333","0001/01/01","4712/12/31","OrganizationMigrationTranslation","DB95678BAD8F7C4DE053A162500A0D6E","0001/01/01","4712/12/31","0001/01/01","4712/12/31","Clearpay (International) Limited ","","DB95678BAD8F7C4DE053A162500A0D6E","US","US","HCM_LEMP","","LE_333",""
"LE_148","0001/01/01","4712/12/31","OrganizationMigrationTranslation","DB9607653719FA02E053A162500A262D","0001/01/01","4712/12/31","0001/01/01","4712/12/31","Lanai (US) 2, LLC","","DB9607653719FA02E053A162500A262D","US","US","HCM_LEMP","","LE_148",""
"LE_261","0001/01/01","4712/12/31","OrganizationMigrationTranslation","DB9482B2B723FB78E053A162500A2FDB","0001/01/01","4712/12/31","0001/01/01","4712/12/31","Afterpay Limited","","DB9482B2B723FB78E053A162500A2FDB","US","US","HCM_LEMP","","LE_261",""
"LE_145","0001/01/01","4712/12/31","OrganizationMigrationTranslation","DB94FBAF4AB7DF14E053A162500ADFFD","0001/01/01","4712/12/31","0001/01/01","4712/12/31","Touchcorp Limited ","","DB94FBAF4AB7DF14E053A162500ADFFD","US","US","HCM_LEMP","","LE_145",""
"LE_204","0001/01/01","4712/12/31","OrganizationMigrationTranslation","DB950E7D6EE77780E053A162500AD1C3","0001/01/01","4712/12/31","0001/01/01","4712/12/31","Setelah Bayar Pte. Ltd.","","DB950E7D6EE77780E053A162500AD1C3","US","US","HCM_LEMP","","LE_204",""
"LE_231","0001/01/01","4712/12/31","OrganizationMigrationTranslation","DB953B4D86F476FDE053A162500A2187","0001/01/01","4712/12/31","0001/01/01","4712/12/31","Afterpay NZ Limited","","DB953B4D86F476FDE053A162500A2187","US","US","HCM_LEMP","","LE_231",""
"LE_232","0001/01/01","4712/12/31","OrganizationMigrationTranslation","DB953CE47550EA44E053A062500A8003","0001/01/01","4712/12/31","0001/01/01","4712/12/31","Afterpay NZ Warehouse Trust","","DB953CE47550EA44E053A062500A8003","US","US","HCM_LEMP","","LE_232",""
"LE_336","0001/01/01","4712/12/31","OrganizationMigrationTranslation","DB957E7F66666C93E053A062500A079B","0001/01/01","4712/12/31","0001/01/01","4712/12/31","Clearpay Receivables Warehouse 2020-1 Limited","","DB957E7F66666C93E053A062500A079B","US","US","HCM_LEMP","","LE_336",""
"LE_334","0001/01/01","4712/12/31","OrganizationMigrationTranslation","DB955CC0D724757DE053A162500A0BC2","0001/01/01","4712/12/31","0001/01/01","4712/12/31","Clearpay (Europe) Limited","","DB955CC0D724757DE053A162500A0BC2","US","US","HCM_LEMP","","LE_334",""
"LE_337","0001/01/01","4712/12/31","OrganizationMigrationTranslation","DB955CC0D72D757DE053A162500A0BC2","0001/01/01","4712/12/31","0001/01/01","4712/12/31","Clearpay Receivables Warehouse 2020-2 Limited","","DB955CC0D72D757DE053A162500A0BC2","US","US","HCM_LEMP","","LE_337",""
"LE_339","0001/01/01","4712/12/31","OrganizationMigrationTranslation","DB9598C6704AC301E053A162500AB174","0001/01/01","4712/12/31","0001/01/01","4712/12/31","Clearpay Technology S.L.","","DB9598C6704AC301E053A162500AB174","US","US","HCM_LEMP","","LE_339",""
"LE_341","0001/01/01","4712/12/31","OrganizationMigrationTranslation","DB958330AC57E33DE053A162500AA51B","0001/01/01","4712/12/31","0001/01/01","4712/12/31","Pagantis, S.A. (French Branch)","","DB958330AC57E33DE053A162500AA51B","US","US","HCM_LEMP","","LE_341",""
"LE_144","0001/01/01","4712/12/31","OrganizationMigrationTranslation","DB95E8B65C431D7AE053A162500A4AF6","0001/01/01","4712/12/31","0001/01/01","4712/12/31","Afterpay US Services, LLC","","DB95E8B65C431D7AE053A162500A4AF6","US","US","HCM_LEMP","","LE_144",""
"LE_153","0001/01/01","4712/12/31","OrganizationMigrationTranslation","DB95DC86FD2D9CCFE053A062500AB547","0001/01/01","4712/12/31","0001/01/01","4712/12/31","Afterpay Canada Limited","","DB95DC86FD2D9CCFE053A062500AB547","US","US","HCM_LEMP","","LE_153",""
"LE_147","0001/01/01","4712/12/31","OrganizationMigrationTranslation","DB9607DA4901F966E053A062500A5A5D","0001/01/01","4712/12/31","0001/01/01","4712/12/31","Lanai (US) 1, LLC","","DB9607DA4901F966E053A062500A5A5D","US","US","HCM_LEMP","","LE_147",""
"LE_272","0001/01/01","4712/12/31","OrganizationMigrationTranslation","DB962CE7EBBB6EB5E053A062500AA20F","0001/01/01","4712/12/31","0001/01/01","4712/12/31","Lanai (AU) 2 Pty Ltd","","DB962CE7EBBB6EB5E053A062500AA20F","US","US","HCM_LEMP","","LE_272",""
"LE_504","0001/01/01","4712/12/31","OrganizationMigrationTranslation","DEB1633CD45727DCE053A162500A364C","0001/01/01","4712/12/31","0001/01/01","4712/12/31","Block of Mexico, SA","","DEB1633CD45727DCE053A162500A364C","US","US","HCM_LEMP","","LE_504",""
"LE_327","0001/01/01","4712/12/31","OrganizationMigrationTranslation","E0CCDEBBA206C20BE0534893500A4BDE","0001/01/01","4712/12/31","0001/01/01","4712/12/31","GoParrot SRL","","E0CCDEBBA206C20BE0534893500A4BDE","US","US","HCM_LEMP","","LE_327",""
"LE_274","0001/01/01","4712/12/31","OrganizationMigrationTranslation","E3A23F9A15DD2F43E0539696500A51DF","0001/01/01","4712/12/31","0001/01/01","4712/12/31","Lanai (AU) 2 Pty Ltd.","","E3A23F9A15DD2F43E0539696500A51DF","US","US","HCM_LEMP","","LE_274",""
"LE_273","0001/01/01","4712/12/31","OrganizationMigrationTranslation","E3A22DB7EF7E7FB3E0534893500A5A43","0001/01/01","4712/12/31","0001/01/01","4712/12/31","Lanai (AU) 1 Pty Ltd.","","E3A22DB7EF7E7FB3E0534893500A5A43","US","US","HCM_LEMP","","LE_273",""
"LE_326","0001/01/01","4712/12/31","OrganizationMigrationTranslation","E580EB7BD965B54BE0539696500A373C","0001/01/01","4712/12/31","0001/01/01","4712/12/31","Block XYZ Limited","","E580EB7BD965B54BE0539696500A373C","US","US","HCM_LEMP","","LE_326",""
"LE_154","0001/01/01","4712/12/31","OrganizationMigrationTranslation","E70E686654376414E0534893500A3A30","0001/01/01","4712/12/31","0001/01/01","4712/12/31","Cash App Canada Payments ULC","","E70E686654376414E0534893500A3A30","US","US","HCM_LEMP","","LE_154",""
"LE_149","0001/01/01","4712/12/31","OrganizationMigrationTranslation","EAD8F4D0FD003D45E0539696500AD079","0001/01/01","4712/12/31","0001/01/01","4712/12/31","LWAC limited","","EAD8F4D0FD003D45E0539696500AD079","US","US","HCM_LEMP","","LE_149",""
"LE_234","0001/01/01","4712/12/31","OrganizationMigrationTranslation","EF699CCA55338839E0534893500A21DB","0001/01/01","4712/12/31","0001/01/01","4712/12/31","Cash App Australia Pty Ltd","","EF699CCA55338839E0534893500A21DB","US","US","HCM_LEMP","","LE_234",""
"LE_233","0001/01/01","4712/12/31","OrganizationMigrationTranslation","EF6955554039FCC5E0539696500AE129","0001/01/01","4712/12/31","0001/01/01","4712/12/31","Cash Holdings Australia Pty Ltd","","EF6955554039FCC5E0539696500AE129","US","US","HCM_LEMP","","LE_233",""
"LE_328","0001/01/01","4712/12/31","OrganizationMigrationTranslation","EFDA3B6C77693ABFE0539696500A4E5A","0001/01/01","4712/12/31","0001/01/01","4712/12/31","Squareup International Limited, Establecimiento Permanente en España","","EFDA3B6C77693ABFE0539696500A4E5A","US","US","HCM_LEMP","","LE_328",""
"LE_125","0001/01/01","4712/12/31","OrganizationMigrationTranslation","F90ADFF5F4109F6EE0534893500AD286","0001/01/01","4712/12/31","0001/01/01","4712/12/31","C Equals LN, LLC","","F90ADFF5F4109F6EE0534893500AD286","US","US","HCM_LEMP","","LE_125",""
"LE_329","0001/01/01","4712/12/31","OrganizationMigrationTranslation","00D64CE9C51768BDE0639696500A79B6","0001/01/01","4712/12/31","0001/01/01","4712/12/31","Squareup International Limited, Succursale en France","","00D64CE9C51768BDE0639696500A79B6","US","US","HCM_LEMP","","LE_329",""
"LE_161","0001/01/01","4712/12/31","OrganizationMigrationTranslation","150B217C4F890057E0634893500A4CE7","0001/01/01","4712/12/31","0001/01/01","4712/12/31","Block XYZ Technology LLC","","150B217C4F890057E0634893500A4CE7","US","US","HCM_LEMP","","LE_161",""
"LE_343","0001/01/01","4712/12/31","OrganizationMigrationTranslation","2250A48F41D10176E0634893500A6FC0","0001/01/01","4712/12/31","0001/01/01","4712/12/31","Treasury (IE) Ltd","","2250A48F41D10176E0634893500A6FC0","US","US","HCM_LEMP","","LE_343",""
"LE_162","0001/01/01","4712/12/31","OrganizationMigrationTranslation","291A5CB0B16DD9B9E0634893500AE96A","0001/01/01","4712/12/31","0001/01/01","4712/12/31","Block XYZ International Holdings Inc","","291A5CB0B16DD9B9E0634893500AE96A","US","US","HCM_LEMP","","LE_162",""
"LE_163","0001/01/01","4712/12/31","OrganizationMigrationTranslation","2CB3DFBD98A3E8E3E0639696500AAA25","0001/01/01","4712/12/31","0001/01/01","4712/12/31","Proto Global, LLC","","2CB3DFBD98A3E8E3E0639696500AAA25","US","US","HCM_LEMP","","LE_163",""
"LE_344","0001/01/01","4712/12/31","OrganizationMigrationTranslation","3B8A318FDA6136DEE0634893500AF827","0001/01/01","4712/12/31","0001/01/01","4712/12/31","Block XYZ Limited (Greece), Foreign Branch","","3B8A318FDA6136DEE0634893500AF827","US","US","HCM_LEMP","","LE_344",""
