<MigrationProcessCSVMetadataVO>
   <MigrationProcessCSVMetadataVORow>
      <ProcessId>-999</ProcessId>
      <ProcessName>Associate Customer with Inventory Organization_20251128_020348_770</ProcessName>
      <ProcessDescription>Associate Customer with Inventory Organization_20251128_020348_770</ProcessDescription>
      <ProcessDate>2025-11-28 14:04:00.317</ProcessDate>
      <ObjectShortName>ORA_RCS_ASSOCIATE_CUSTOMER_WITH_INVENTORY_ORGANIZATION</ObjectShortName>
      <ObjectType>TASK</ObjectType>
      <CreatedByFlow>TASK_CSV_SERVICE</CreatedByFlow>
      <ProcessType>EXPORT</ProcessType>
      <ProcessStatus>COMPLETED</ProcessStatus>
      <ProcessEnv>ehsg-dev1</ProcessEnv>
      <ProcessStartDate>2025-11-28 14:03:48.069</ProcessStartDate>
      <ProcessEndDate>2025-11-28 14:04:00.317</ProcessEndDate>
      <ProcessRelease>11.13.25.10.0</ProcessRelease>
      <SubmittedBy>lalji@squareup.com</SubmittedBy>
      <ESSRequestId>39255326</ESSRequestId>
      <MigrationProcessBusinessObjectCSVMetadata1>
         <MigrationProcessBusinessObjectCSVMetadataVORow>
            <ProcessId>-999</ProcessId>
            <BusinessObjectShortName>ORA_RCS_CUSTOMER_AS_ORGANIZATION_FOR_INTERNAL_MATERIAL_TRANSFER</BusinessObjectShortName>
            <BatchName null="true"/>
            <XmlAttributeList>OrganizationCode,InternalCustomerFlag,PartyName,CustomerAccountNumber</XmlAttributeList>
            <XmlAttributeTypeList>string,string,string,string</XmlAttributeTypeList>
            <XmlNodePath>/CustomerOrganizationVO/CustomerOrganizationVORow</XmlNodePath>
            <NodeSequence>1</NodeSequence>
         </MigrationProcessBusinessObjectCSVMetadataVORow>
      </MigrationProcessBusinessObjectCSVMetadata1>
      <MigrationProcessBatchCSVMetadata null="true"/>
      <MigrationProcessScopeValueCSVMetadata null="true"/>
      <MigrationProcessMigrationObjectCSVMetadata>
         <MigrationProcessMigrationObjectCSVMetadataVORow>
            <ProcessId>-999</ProcessId>
            <BusinessObjectShortName>ORA_RCS_CUSTOMER_AS_ORGANIZATION_FOR_INTERNAL_MATERIAL_TRANSFER</BusinessObjectShortName>
            <MigrateFlag>Y</MigrateFlag>
            <IncludeExternalDataFlag>Y</IncludeExternalDataFlag>
            <ServiceType null="true"/>
         </MigrationProcessMigrationObjectCSVMetadataVORow>
      </MigrationProcessMigrationObjectCSVMetadata>
      <MigrationProcessTaskCSVMetadata null="true"/>
      <MigrationProcessServiceVersionCSVMetadata null="true"/>
   </MigrationProcessCSVMetadataVORow>
</MigrationProcessCSVMetadataVO>