<MigrationProcessCSVMetadataVO>
   <MigrationProcessCSVMetadataVORow>
      <ProcessId>-999</ProcessId>
      <ProcessName>Manage Enterprise HCM Information_20251202_104022_004</ProcessName>
      <ProcessDescription>Manage Enterprise HCM Information_20251202_104022_004</ProcessDescription>
      <ProcessDate>2025-12-02 10:40:47.238</ProcessDate>
      <ObjectShortName>PER_MANAGE_ENTERPRISE_HCM_INFORMATION</ObjectShortName>
      <ObjectType>TASK</ObjectType>
      <CreatedByFlow>TASK_CSV_SERVICE</CreatedByFlow>
      <ProcessType>EXPORT</ProcessType>
      <ProcessStatus>COMPLETED</ProcessStatus>
      <ProcessEnv>ehsg-dev1</ProcessEnv>
      <ProcessStartDate>2025-12-02 10:40:22.141</ProcessStartDate>
      <ProcessEndDate>2025-12-02 10:40:47.238</ProcessEndDate>
      <ProcessRelease>11.13.25.10.0</ProcessRelease>
      <SubmittedBy>lalji@squareup.com</SubmittedBy>
      <ESSRequestId>39265533</ESSRequestId>
      <MigrationProcessBusinessObjectCSVMetadata1>
         <MigrationProcessBusinessObjectCSVMetadataVORow>
            <ProcessId>-999</ProcessId>
            <BusinessObjectShortName>ORA_PER_ENTERPRISE_ORG_UNIT_CLASS</BusinessObjectShortName>
            <BatchName>OrganizationMigration</BatchName>
            <XmlAttributeList>ViewInstanceName,GroupingKey,LogicalStartDate,LogicalEndDate,EffectiveStartDate,EffectiveEndDate,OrganizationName,ClassificationName,SetCode,CategoryCode,LegislationCode,Status,OrgUnitClassificationId,OrganizationId,ClassificationCode,SetId</XmlAttributeList>
            <XmlAttributeTypeList>string,string,date,date,date,date,string,string,string,string,string,string,string,string,string,string</XmlAttributeTypeList>
            <XmlNodePath>/OrganizationMigrationVO/OrganizationMigrationVORow/OrgUnitClassificationMigrationVO/OrgUnitClassificationMigrationVORow</XmlNodePath>
            <NodeSequence>2</NodeSequence>
         </MigrationProcessBusinessObjectCSVMetadataVORow>
         <MigrationProcessBusinessObjectCSVMetadataVORow>
            <ProcessId>-999</ProcessId>
            <BusinessObjectShortName>PER_ENTERPRISE_ORG</BusinessObjectShortName>
            <BatchName>OrganizationMigration</BatchName>
            <XmlAttributeList>ViewInstanceName,GroupingKey,LogicalStartDate,LogicalEndDate,EffectiveStartDate,EffectiveEndDate,OrganizationCode,Name,Title,CostAllocationKeyflexId,EstablishmentName,InternalAddressLine,InternalExternalFlag,LegalEntityIdentifier,LocationCode,LocationSetCode,Type,GUID,ActionReasonUsagesId,ActionCode,ActionReasonCode,OrganizationId,EstablishmentId,LegalEntityId,LocationId,LocationSetId,ActionId,ActionOccurrenceId,ActionReasonId</XmlAttributeList>
            <XmlAttributeTypeList>string,string,date,date,date,date,string,string,string,string,string,string,string,string,string,string,string,string,string,string,string,string,string,string,string,string,string,string,string</XmlAttributeTypeList>
            <XmlNodePath>/OrganizationMigrationVO/OrganizationMigrationVORow</XmlNodePath>
            <NodeSequence>1</NodeSequence>
         </MigrationProcessBusinessObjectCSVMetadataVORow>
      </MigrationProcessBusinessObjectCSVMetadata1>
      <MigrationProcessBatchCSVMetadata>
         <MigrationProcessBatchCSVMetadataVORow>
            <ProcessId>-999</ProcessId>
            <BatchName>OrganizationMigration</BatchName>
            <ImportSequence>0</ImportSequence>
            <ServiceName>oracle.apps.hcm.organizations.migration.enterpriseDetailServiceV2.EnterpriseDetailService</ServiceName>
            <BatchSize>500</BatchSize>
         </MigrationProcessBatchCSVMetadataVORow>
      </MigrationProcessBatchCSVMetadata>
      <MigrationProcessScopeValueCSVMetadata null="true"/>
      <MigrationProcessMigrationObjectCSVMetadata>
         <MigrationProcessMigrationObjectCSVMetadataVORow>
            <ProcessId>-999</ProcessId>
            <BusinessObjectShortName>ORA_PER_ENTERPRISE_ORG_UNIT_CLASS</BusinessObjectShortName>
            <MigrateFlag>Y</MigrateFlag>
            <IncludeExternalDataFlag>Y</IncludeExternalDataFlag>
            <ServiceType null="true"/>
         </MigrationProcessMigrationObjectCSVMetadataVORow>
         <MigrationProcessMigrationObjectCSVMetadataVORow>
            <ProcessId>-999</ProcessId>
            <BusinessObjectShortName>PER_ENTERPRISE_ORG</BusinessObjectShortName>
            <MigrateFlag>Y</MigrateFlag>
            <IncludeExternalDataFlag>Y</IncludeExternalDataFlag>
            <ServiceType null="true"/>
         </MigrationProcessMigrationObjectCSVMetadataVORow>
      </MigrationProcessMigrationObjectCSVMetadata>
      <MigrationProcessTaskCSVMetadata null="true"/>
      <MigrationProcessServiceVersionCSVMetadata null="true"/>
   </MigrationProcessCSVMetadataVORow>
</MigrationProcessCSVMetadataVO>